Modelo,Dia Prevista,Valor Previsto,Valor Realizado,MAPE (%)
FEAT+ABR(3),2025-02-18,3037.3,2961,2.58
Pipeline em Produção,2025-02-18,3041.4,2961,15.65
SE(ETR)+MMS+BIN+SE(ELAS)+ABR,2025-02-18,2894.4,2961,2.25
Voting(ETR+RFR+XGB),2025-02-18,2950.2,2961,0.36
FEAT+ABR(3),2025-02-19,3035.3,2959,2.58
Pipeline em Produção,2025-02-19,2971.5,2959,2.02
SE(ETR)+MMS+BIN+SE(ELAS)+ABR,2025-02-19,2997.3,2959,1.29
Voting(ETR+RFR+XGB),2025-02-19,2955.5,2959,0.12
FEAT+ABR(3),2025-02-20,2770.5,2886,4.0
Pipeline em Produção,2025-02-20,2944.9,2886,1.18
SE(ETR)+MMS+BIN+SE(ELAS)+ABR,2025-02-20,2946.5,2886,2.1
Voting(ETR+RFR+XGB),2025-02-20,2984.7,2886,3.42
FEAT+ABR(3),2025-02-21,2949.4,3073,4.02
Pipeline em Produção,2025-02-21,2615.0,3073,2.11
SE(ETR)+MMS+BIN+SE(ELAS)+ABR,2025-02-21,2931.7,3073,4.6
Voting(ETR+RFR+XGB),2025-02-21,2940.0,3073,4.33
FEAT+ABR(3),2025-02-24,2742.9,2729,0.51
Pipeline em Produção,2025-02-24,2937.7,2729,1.68
SE(ETR)+MMS+BIN+SE(ELAS)+ABR,2025-02-24,2922.9,2729,7.1
Voting(ETR+RFR+XGB),2025-02-24,2983.6,2729,9.33
FEAT+ABR(3),2025-02-25,2962.1,3043,2.66
Pipeline em Produção,2025-02-25,2946.2,3043,17.05
SE(ETR)+MMS+BIN+SE(ELAS)+ABR,2025-02-25,2741.2,3043,9.92
Voting(ETR+RFR+XGB),2025-02-25,2889.9,3043,5.03
FEAT+ABR(3),2025-02-26,2965.8,2853,3.95
Pipeline em Produção,2025-02-26,2705.3,2853,1.73
SE(ETR)+MMS+BIN+SE(ELAS)+ABR,2025-02-26,2949.0,2853,3.36
Voting(ETR+RFR+XGB),2025-02-26,2943.0,2853,3.15
FEAT+ABR(3),2025-02-27,2713.2,2860,5.13
Pipeline em Produção,2025-02-27,2548.1,2860,3.73
SE(ETR)+MMS+BIN+SE(ELAS)+ABR,2025-02-27,2922.0,2860,2.17
Voting(ETR+RFR+XGB),2025-02-27,2854.6,2860,0.19
FEAT+ABR(3),2025-02-28,2936.1,2885,1.77
Pipeline em Produção,2025-02-28,2909.5,2885,13.93
SE(ETR)+MMS+BIN+SE(ELAS)+ABR,2025-02-28,2917.8,2885,1.14
Voting(ETR+RFR+XGB),2025-02-28,2891.9,2885,0.24
FEAT+ABR(3),2025-03-05,2970.0,3536,16.01
Pipeline em Produção,2025-03-05,3189.0,3536,1.91
SE(ETR)+MMS+BIN+SE(ELAS)+ABR,2025-03-05,2912.3,3536,17.64
Voting(ETR+RFR+XGB),2025-03-05,2945.2,3536,16.71
FEAT+ABR(3),2025-03-06,2972.8,2781,6.9
Pipeline em Produção,2025-03-06,3143.3,2781,25.12
SE(ETR)+MMS+BIN+SE(ELAS)+ABR,2025-03-06,2946.0,2781,5.93
Voting(ETR+RFR+XGB),2025-03-06,3011.5,2781,8.29
FEAT+ABR(3),2025-03-07,2818.6,2497,12.88
Pipeline em Produção,2025-03-07,2978.3,2497,3.53
SE(ETR)+MMS+BIN+SE(ELAS)+ABR,2025-03-07,2894.2,2497,15.91
Voting(ETR+RFR+XGB),2025-03-07,2855.5,2497,14.36
FEAT+ABR(3),2025-03-10,3208.6,2872,11.72
Pipeline em Produção,2025-03-10,2889.0,2872,1012.32
SE(ETR)+MMS+BIN+SE(ELAS)+ABR,2025-03-10,2913.9,2872,1.46
Voting(ETR+RFR+XGB),2025-03-10,3043.4,2872,5.97
FEAT+ABR(3),2025-03-11,2809.8,3331,15.65
Pipeline em Produção,2025-03-11,2935.7,3331,1.69
SE(ETR)+MMS+BIN+SE(ELAS)+ABR,2025-03-11,3536.0,3331,6.15
Voting(ETR+RFR+XGB),2025-03-11,2334.5,3331,29.92
FEAT+ABR(3),2025-03-12,2829.5,3324,14.88
Pipeline em Produção,2025-03-12,3041.8,3324,15.78
SE(ETR)+MMS+BIN+SE(ELAS)+ABR,2025-03-12,2807.6,3324,15.54
Voting(ETR+RFR+XGB),2025-03-12,2889.2,3324,13.08
FEAT+ABR(3),2025-03-13,2959.3,2746,7.77
Pipeline em Produção,2025-03-13,3062.9,2746,15.54
SE(ETR)+MMS+BIN+SE(ELAS)+ABR,2025-03-13,2998.5,2746,9.2
Voting(ETR+RFR+XGB),2025-03-13,2882.6,2746,4.97
FEAT+ABR(3),2025-03-14,3039.7,3270,7.04
Pipeline em Produção,2025-03-14,2681.5,3270,7.49
SE(ETR)+MMS+BIN+SE(ELAS)+ABR,2025-03-14,2810.7,3270,14.05
Voting(ETR+RFR+XGB),2025-03-14,2960.5,3270,9.46
FEAT+ABR(3),2025-03-17,2917.1,2877,1.39
Pipeline em Produção,2025-03-17,2757.8,2877,5.34
SE(ETR)+MMS+BIN+SE(ELAS)+ABR,2025-03-17,2966.1,2877,3.1
Voting(ETR+RFR+XGB),2025-03-17,3023.6,2877,5.1
FEAT+ABR(3),2025-03-18,2985.6,2597,14.96
Pipeline em Produção,2025-03-18,2841.3,2597,5.04
SE(ETR)+MMS+BIN+SE(ELAS)+ABR,2025-03-18,3001.4,2597,15.57
Voting(ETR+RFR+XGB),2025-03-18,3063.3,2597,17.96
FEAT+ABR(3),2025-03-19,2901.1,2630,10.31
Pipeline em Produção,2025-03-19,2766.2,2630,23.98
SE(ETR)+MMS+BIN+SE(ELAS)+ABR,2025-03-19,2812.5,2630,6.94
Voting(ETR+RFR+XGB),2025-03-19,2905.0,2630,10.46
FEAT+ABR(3),2025-03-20,2761.6,2731,1.12
Pipeline em Produção,2025-03-20,2750.3,2731,8.31
SE(ETR)+MMS+BIN+SE(ELAS)+ABR,2025-03-20,3120.0,2731,14.24
Voting(ETR+RFR+XGB),2025-03-20,2760.9,2731,1.09
FEAT+ABR(3),2025-03-21,2861.7,2649,8.03
Pipeline em Produção,2025-03-21,2865.3,2649,7.58
SE(ETR)+MMS+BIN+SE(ELAS)+ABR,2025-03-21,2785.8,2649,5.16
Voting(ETR+RFR+XGB),2025-03-21,2720.3,2649,2.69
FEAT+ABR(3),2025-03-24,2857.4,2015,41.81
Pipeline em Produção,2025-03-24,3073.4,2015,74.12
SE(ETR)+MMS+BIN+SE(ELAS)+ABR,2025-03-24,2799.5,2015,38.93
Voting(ETR+RFR+XGB),2025-03-24,2813.4,2015,39.62
FEAT+ABR(3),2025-03-25,2750.6,2561,7.4
Pipeline em Produção,2025-03-25,3219.8,2561,41.46
SE(ETR)+MMS+BIN+SE(ELAS)+ABR,2025-03-25,2574.0,2561,0.51
Voting(ETR+RFR+XGB),2025-03-25,2892.9,2561,12.96
FEAT+ABR(3),2025-03-26,2649.2,2339,13.26
Pipeline em Produção,2025-03-26,2774.0,2339,12.19
SE(ETR)+MMS+BIN+SE(ELAS)+ABR,2025-03-26,2778.3,2339,18.78
Voting(ETR+RFR+XGB),2025-03-26,2683.0,2339,14.71
FEAT+ABR(3),2025-03-27,2660.6,2037,30.61
Pipeline em Produção,2025-03-27,2601.3,2037,22.15
SE(ETR)+MMS+BIN+SE(ELAS)+ABR,2025-03-27,2750.7,2037,35.04
Voting(ETR+RFR+XGB),2025-03-27,2558.6,2037,25.61
FEAT+ABR(3),2025-03-28,2463.5,2360,4.39
Pipeline em Produção,2025-03-28,2580.9,2360,38.5
SE(ETR)+MMS+BIN+SE(ELAS)+ABR,2025-03-28,2657.8,2360,12.62
Voting(ETR+RFR+XGB),2025-03-28,2438.0,2360,3.31
FEAT+ABR(3),2025-03-31,2457.6,2549,3.59
Pipeline em Produção,2025-03-31,2584.4,2549,2.9
SE(ETR)+MMS+BIN+SE(ELAS)+ABR,2025-03-31,2881.8,2549,13.05
Voting(ETR+RFR+XGB),2025-03-31,2602.5,2549,2.1
FEAT+ABR(3),2025-04-01,2539.4,2267,12.02
Pipeline em Produção,2025-04-01,2784.4,2267,12.43
SE(ETR)+MMS+BIN+SE(ELAS)+ABR,2025-04-01,2564.6,2267,13.13
Voting(ETR+RFR+XGB),2025-04-01,2513.9,2267,10.89
FEAT+ABR(3),2025-04-02,2384.7,2016,18.29
Pipeline em Produção,2025-04-02,2481.4,2016,5.7
SE(ETR)+MMS+BIN+SE(ELAS)+ABR,2025-04-02,2652.9,2016,31.59
Voting(ETR+RFR+XGB),2025-04-02,2307.5,2016,14.46
FEAT+ABR(3),2025-04-03,2360.9,2526,6.54
Pipeline em Produção,2025-04-03,2384.4,2526,16.23
SE(ETR)+MMS+BIN+SE(ELAS)+ABR,2025-04-03,2534.2,2526,0.33
Voting(ETR+RFR+XGB),2025-04-03,2300.6,2526,8.92
FEAT+ABR(3),2025-04-04,2407.2,2237,7.61
Pipeline em Produção,2025-04-04,2544.4,2237,7.79
SE(ETR)+MMS+BIN+SE(ELAS)+ABR,2025-04-04,2294.7,2237,2.58
Voting(ETR+RFR+XGB),2025-04-04,2443.0,2237,9.21
FEAT+ABR(3),2025-04-07,2319.8,2836,18.2
Pipeline em Produção,2025-04-07,2341.9,2836,37.87
SE(ETR)+MMS+BIN+SE(ELAS)+ABR,2025-04-07,2309.5,2836,18.57
Voting(ETR+RFR+XGB),2025-04-07,2464.3,2836,13.11
FEAT+ABR(3),2025-04-08,2733.2,2726,0.27
Pipeline em Produção,2025-04-08,2615.1,2726,19.55
SE(ETR)+MMS+BIN+SE(ELAS)+ABR,2025-04-08,2367.1,2726,13.17
Voting(ETR+RFR+XGB),2025-04-08,2656.2,2726,2.56
FEAT+ABR(3),2025-04-09,2335.8,2800,16.58
Pipeline em Produção,2025-04-09,2645.3,2800,3.74
SE(ETR)+MMS+BIN+SE(ELAS)+ABR,2025-04-09,2366.0,2800,15.5
Voting(ETR+RFR+XGB),2025-04-09,2550.3,2800,8.92
FEAT+ABR(3),2025-04-10,2700.4,2452,10.13
Pipeline em Produção,2025-04-10,2756.7,2452,3.39
SE(ETR)+MMS+BIN+SE(ELAS)+ABR,2025-04-10,2358.5,2452,3.81
Voting(ETR+RFR+XGB),2025-04-10,2697.0,2452,9.99
FEAT+ABR(3),2025-04-11,2758.4,2489,10.82
Pipeline em Produção,2025-04-11,2407.9,2489,2.52
SE(ETR)+MMS+BIN+SE(ELAS)+ABR,2025-04-11,2463.2,2489,1.04
Voting(ETR+RFR+XGB),2025-04-11,2622.2,2489,5.35
FEAT+ABR(3),2025-04-14,2669.3,2584,3.3
Pipeline em Produção,2025-04-14,2785.5,2584,31.88
SE(ETR)+MMS+BIN+SE(ELAS)+ABR,2025-04-14,2747.6,2584,6.33
Voting(ETR+RFR+XGB),2025-04-14,2663.8,2584,3.09
FEAT+ABR(3),2025-04-15,2614.8,2697,3.05
Pipeline em Produção,2025-04-15,2547.9,2697,3.07
SE(ETR)+MMS+BIN+SE(ELAS)+ABR,2025-04-15,2415.6,2697,10.43
Voting(ETR+RFR+XGB),2025-04-15,2580.0,2697,4.34
FEAT+ABR(3),2025-04-16,2515.5,2508,0.3
Pipeline em Produção,2025-04-16,2482.6,2508,2.36
SE(ETR)+MMS+BIN+SE(ELAS)+ABR,2025-04-16,2714.8,2508,8.25
Voting(ETR+RFR+XGB),2025-04-16,2501.1,2508,0.27
FEAT+ABR(3),2025-04-17,2374.6,2874,17.38
Pipeline em Produção,2025-04-17,2358.6,2874,5.35
SE(ETR)+MMS+BIN+SE(ELAS)+ABR,2025-04-17,2446.8,2874,14.86
Voting(ETR+RFR+XGB),2025-04-17,2381.1,2874,17.15
FEAT+ABR(3),2025-04-22,2648.9,1978,33.92
Pipeline em Produção,2025-04-22,2651.1,1978,2024.01
SE(ETR)+MMS+BIN+SE(ELAS)+ABR,2025-04-22,2459.0,1978,24.32
Voting(ETR+RFR+XGB),2025-04-22,2892.8,1978,46.25
FEAT+ABR(3),2025-04-23,2574.0,2487,3.5
Pipeline em Produção,2025-04-23,2434.1,2487,28.75
SE(ETR)+MMS+BIN+SE(ELAS)+ABR,2025-04-23,2438.0,2487,1.97
Voting(ETR+RFR+XGB),2025-04-23,2475.3,2487,0.47
FEAT+ABR(3),2025-04-24,2541.1,2501,1.6
Pipeline em Produção,2025-04-24,2534.9,2501,1.4
SE(ETR)+MMS+BIN+SE(ELAS)+ABR,2025-04-24,2453.7,2501,1.89
Voting(ETR+RFR+XGB),2025-04-24,2405.3,2501,3.83
FEAT+ABR(3),2025-04-25,2582.3,2549,1.31
Pipeline em Produção,2025-04-25,2562.9,2549,5.33
SE(ETR)+MMS+BIN+SE(ELAS)+ABR,2025-04-25,2460.3,2549,3.48
Voting(ETR+RFR+XGB),2025-04-25,2469.9,2549,3.1
FEAT+ABR(3),2025-04-28,2373.2,2631,9.8
Pipeline em Produção,2025-04-28,2534.9,2631,16.77
SE(ETR)+MMS+BIN+SE(ELAS)+ABR,2025-04-28,2418.4,2631,8.08
Voting(ETR+RFR+XGB),2025-04-28,2387.8,2631,9.24
FEAT+ABR(3),2025-04-29,2391.5,2179,9.75
Pipeline em Produção,2025-04-29,2497.7,2179,7.34
SE(ETR)+MMS+BIN+SE(ELAS)+ABR,2025-04-29,2466.9,2179,13.21
Voting(ETR+RFR+XGB),2025-04-29,2632.3,2179,20.8
FEAT+ABR(3),2025-04-30,2384.1,2285,4.34
Pipeline em Produção,2025-04-30,2290.1,2285,12.51
SE(ETR)+MMS+BIN+SE(ELAS)+ABR,2025-04-30,2442.4,2285,6.89
Voting(ETR+RFR+XGB),2025-04-30,2196.7,2285,3.87
FEAT+ABR(3),2025-05-02,2547.3,1941,31.23
Pipeline em Produção,2025-05-02,2634.8,1941,6.84
SE(ETR)+MMS+BIN+SE(ELAS)+ABR,2025-05-02,2423.7,1941,24.87
Voting(ETR+RFR+XGB),2025-05-02,2486.0,1941,28.08
FEAT+ABR(3),2025-05-05,2494.6,2523,1.13
Pipeline em Produção,2025-05-05,2534.9,2523,13.19
SE(ETR)+MMS+BIN+SE(ELAS)+ABR,2025-05-05,2483.8,2523,1.55
Voting(ETR+RFR+XGB),2025-05-05,2561.1,2523,1.51
FEAT+ABR(3),2025-05-06,2454.6,2299,6.77
Pipeline em Produção,2025-05-06,2575.8,2299,1.21
SE(ETR)+MMS+BIN+SE(ELAS)+ABR,2025-05-06,2464.8,2299,7.21
Voting(ETR+RFR+XGB),2025-05-06,2341.4,2299,1.85
FEAT+ABR(3),2025-05-07,2269.7,1988,14.17
Pipeline em Produção,2025-05-07,2423.8,1988,2.65
SE(ETR)+MMS+BIN+SE(ELAS)+ABR,2025-05-07,2436.0,1988,22.53
Voting(ETR+RFR+XGB),2025-05-07,2201.8,1988,10.76
FEAT+ABR(3),2025-05-08,2452.5,2568,4.5
Pipeline em Produção,2025-05-08,2591.5,2568,20.4
SE(ETR)+MMS+BIN+SE(ELAS)+ABR,2025-05-08,2404.3,2568,6.37
Voting(ETR+RFR+XGB),2025-05-08,2527.8,2568,1.56
FEAT+ABR(3),2025-05-09,2407.4,2385,0.94
Pipeline em Produção,2025-05-09,2253.8,2385,2.22
SE(ETR)+MMS+BIN+SE(ELAS)+ABR,2025-05-09,2385.8,2385,0.03
Voting(ETR+RFR+XGB),2025-05-09,2236.4,2385,6.23
FEAT+ABR(3),2025-05-12,2588.9,2544,1.77
Pipeline em Produção,2025-05-12,2696.0,2544,4.46
SE(ETR)+MMS+BIN+SE(ELAS)+ABR,2025-05-12,2459.9,2544,3.31
Voting(ETR+RFR+XGB),2025-05-12,2737.5,2544,7.61
FEAT+ABR(3),2025-05-13,2531.2,2505,1.04
Pipeline em Produção,2025-05-13,2472.2,2505,3.5
SE(ETR)+MMS+BIN+SE(ELAS)+ABR,2025-05-13,2505.2,2505,0.01
Voting(ETR+RFR+XGB),2025-05-13,2431.9,2505,2.92
FEAT+ABR(3),2025-05-14,2507.2,2195,14.22
Pipeline em Produção,2025-05-14,2420.0,2195,4.03
SE(ETR)+MMS+BIN+SE(ELAS)+ABR,2025-05-14,2563.2,2195,16.77
Voting(ETR+RFR+XGB),2025-05-14,2400.9,2195,9.38
FEAT+ABR(3),2025-05-15,2484.5,2351,5.68
Pipeline em Produção,2025-05-15,2533.0,2351,10.98
SE(ETR)+MMS+BIN+SE(ELAS)+ABR,2025-05-15,2498.6,2351,6.28
Voting(ETR+RFR+XGB),2025-05-15,2448.1,2351,4.13
FEAT+ABR(3),2025-05-16,2381.5,2149,10.82
Pipeline em Produção,2025-05-16,2457.3,2149,7.55
SE(ETR)+MMS+BIN+SE(ELAS)+ABR,2025-05-16,2422.0,2149,12.71
Voting(ETR+RFR+XGB),2025-05-16,2326.3,2149,8.25
FEAT+ABR(3),2025-05-19,2527.6,2353,7.42
Pipeline em Produção,2025-05-19,2303.8,2353,25.92
SE(ETR)+MMS+BIN+SE(ELAS)+ABR,2025-05-19,2448.7,2353,4.07
Voting(ETR+RFR+XGB),2025-05-19,2543.5,2353,8.1
FEAT+ABR(3),2025-05-20,2400.2,2327,3.14
Pipeline em Produção,2025-05-20,2339.5,2327,1.63
SE(ETR)+MMS+BIN+SE(ELAS)+ABR,2025-05-20,2469.8,2327,6.13
Voting(ETR+RFR+XGB),2025-05-20,2334.7,2327,0.33
FEAT+ABR(3),2025-05-21,2257.1,2360,4.36
Pipeline em Produção,2025-05-21,2287.0,2360,4.89
SE(ETR)+MMS+BIN+SE(ELAS)+ABR,2025-05-21,2394.2,2360,1.45
Voting(ETR+RFR+XGB),2025-05-21,2092.5,2360,11.33
FEAT+ABR(3),2025-05-22,2261.6,1771,27.7
Pipeline em Produção,2025-05-22,2612.0,1771,2.5
SE(ETR)+MMS+BIN+SE(ELAS)+ABR,2025-05-22,2381.3,1771,34.46
Voting(ETR+RFR+XGB),2025-05-22,2279.1,1771,28.69
FEAT+ABR(3),2025-05-23,2289.2,2789,17.92
Pipeline em Produção,2025-05-23,2231.4,2789,35.65
SE(ETR)+MMS+BIN+SE(ELAS)+ABR,2025-05-23,2235.6,2789,19.84
Voting(ETR+RFR+XGB),2025-05-23,2416.6,2789,13.35
FEAT+ABR(3),2025-05-26,2536.2,2389,6.16
Pipeline em Produção,2025-05-26,2493.3,2389,14.22
SE(ETR)+MMS+BIN+SE(ELAS)+ABR,2025-05-26,2508.1,2389,4.98
Voting(ETR+RFR+XGB),2025-05-26,2488.6,2389,4.17
FEAT+ABR(3),2025-05-27,2207.8,2047,7.85
Pipeline em Produção,2025-05-27,2471.5,2047,2.64
SE(ETR)+MMS+BIN+SE(ELAS)+ABR,2025-05-27,2452.7,2047,19.82
Voting(ETR+RFR+XGB),2025-05-27,2142.8,2047,4.68
FEAT+ABR(3),2025-05-28,2259.7,1921,17.63
Pipeline em Produção,2025-05-28,2343.1,1921,3.18
SE(ETR)+MMS+BIN+SE(ELAS)+ABR,2025-05-28,2282.8,1921,18.84
Voting(ETR+RFR+XGB),2025-05-28,2425.7,1921,26.27
FEAT+ABR(3),2025-05-29,2179.0,1955,11.46
Pipeline em Produção,2025-05-29,2243.1,1955,30.81
SE(ETR)+MMS+BIN+SE(ELAS)+ABR,2025-05-29,2265.1,1955,15.86
Voting(ETR+RFR+XGB),2025-05-29,2447.7,1955,25.2
FEAT+ABR(3),2025-05-30,2313.8,1927,20.07
Pipeline em Produção,2025-05-30,2140.1,1927,28.87
SE(ETR)+MMS+BIN+SE(ELAS)+ABR,2025-05-30,2317.7,1927,20.28
Voting(ETR+RFR+XGB),2025-05-30,2442.1,1927,26.73
FEAT+ABR(3),2025-06-02,2529.6,1897,33.35
Pipeline em Produção,2025-06-02,2543.1,1897,25.33
SE(ETR)+MMS+BIN+SE(ELAS)+ABR,2025-06-02,2337.2,1897,23.2
Voting(ETR+RFR+XGB),2025-06-02,2375.2,1897,25.21
FEAT+ABR(3),2025-06-03,1974.9,1874,5.39
Pipeline em Produção,2025-06-03,2371.5,1874,18.39
SE(ETR)+MMS+BIN+SE(ELAS)+ABR,2025-06-03,2165.1,1874,15.53
Voting(ETR+RFR+XGB),2025-06-03,2197.3,1874,17.25
FEAT+ABR(3),2025-06-04,2011.2,1977,1.73
Pipeline em Produção,2025-06-04,2071.5,1977,18.69
SE(ETR)+MMS+BIN+SE(ELAS)+ABR,2025-06-04,2124.9,1977,7.48
Voting(ETR+RFR+XGB),2025-06-04,1953.5,1977,1.19
FEAT+ABR(3),2025-06-05,2331.4,2150,8.44
Pipeline em Produção,2025-06-05,2045.5,2150,11.46
SE(ETR)+MMS+BIN+SE(ELAS)+ABR,2025-06-05,2174.7,2150,1.15
Voting(ETR+RFR+XGB),2025-06-05,2127.0,2150,1.07
FEAT+ABR(3),2025-06-06,2059.6,2128,3.21
Pipeline em Produção,2025-06-06,2215.9,2128,2.07
SE(ETR)+MMS+BIN+SE(ELAS)+ABR,2025-06-06,2158.9,2128,1.45
Voting(ETR+RFR+XGB),2025-06-06,2052.8,2128,3.54
FEAT+ABR(3),2025-06-09,2239.2,2449,8.57
Pipeline em Produção,2025-06-09,2514.7,2449,2.14
SE(ETR)+MMS+BIN+SE(ELAS)+ABR,2025-06-09,2156.9,2449,11.93
Voting(ETR+RFR+XGB),2025-06-09,2101.6,2449,14.18
FEAT+ABR(3),2025-06-10,2347.3,2433,3.52
Pipeline em Produção,2025-06-10,2430.2,2433,3.62
SE(ETR)+MMS+BIN+SE(ELAS)+ABR,2025-06-10,2249.4,2433,7.55
Voting(ETR+RFR+XGB),2025-06-10,2258.8,2433,7.16
FEAT+ABR(3),2025-06-11,2386.6,2495,4.35
Pipeline em Produção,2025-06-11,2299.7,2495,3.5
SE(ETR)+MMS+BIN+SE(ELAS)+ABR,2025-06-11,2304.5,2495,7.63
Voting(ETR+RFR+XGB),2025-06-11,2284.4,2495,8.44
FEAT+ABR(3),2025-06-12,2518.4,2017,24.86
Pipeline em Produção,2025-06-12,2448.4,2017,9.49
SE(ETR)+MMS+BIN+SE(ELAS)+ABR,2025-06-12,2370.3,2017,17.52
Voting(ETR+RFR+XGB),2025-06-12,2499.6,2017,23.93
FEAT+ABR(3),2025-06-13,2441.2,2569,4.98
Pipeline em Produção,2025-06-13,2517.4,2569,9.65
Pipeline em Produção,2025-06-13,2517.4,2569,16.11
SE(ETR)+MMS+BIN+SE(ELAS)+ABR,2025-06-13,2219.1,2569,13.62
Voting(ETR+RFR+XGB),2025-06-13,2356.6,2569,8.27
FEAT+ABR(3),2025-06-16,2460.8,2329,5.66
Pipeline em Produção,2025-06-16,2401.8,2329,1.52
SE(ETR)+MMS+BIN+SE(ELAS)+ABR,2025-06-16,2236.7,2329,3.96
Voting(ETR+RFR+XGB),2025-06-16,2380.0,2329,2.19
FEAT+ABR(3),2025-06-17,2132.8,2379,10.35
Pipeline em Produção,2025-06-17,2316.4,2379,1.66
SE(ETR)+MMS+BIN+SE(ELAS)+ABR,2025-06-17,2256.6,2379,5.15
Voting(ETR+RFR+XGB),2025-06-17,2252.6,2379,5.31
FEAT+ABR(3),2025-06-18,2210.6,2358,6.25
Pipeline em Produção,2025-06-18,2044.7,2358,18.66
SE(ETR)+MMS+BIN+SE(ELAS)+ABR,2025-06-18,2144.4,2358,9.06
Voting(ETR+RFR+XGB),2025-06-18,2227.5,2358,5.53
FEAT+ABR(3),2025-06-20,2187.1,2697,18.91
Pipeline em Produção,2025-06-20,2187.1,2697,7.36
SE(ETR)+MMS+BIN+SE(ELAS)+ABR,2025-06-20,2286.6,2697,15.22
Voting(ETR+RFR+XGB),2025-06-20,2047.1,2697,24.1
FEAT+ABR(3),2025-06-23,2338.0,1989,17.55
Pipeline em Produção,2025-06-23,2422.6,1989,679.52
SE(ETR)+MMS+BIN+SE(ELAS)+ABR,2025-06-23,2223.8,1989,11.8
Voting(ETR+RFR+XGB),2025-06-23,2393.3,1989,20.33
FEAT+ABR(3),2025-06-24,2277.9,2399,5.05
Pipeline em Produção,2025-06-24,2399.3,2399,18.27
SE(ETR)+MMS+BIN+SE(ELAS)+ABR,2025-06-24,2222.8,2399,7.34
Voting(ETR+RFR+XGB),2025-06-24,2305.8,2399,3.88
FEAT+ABR(3),2025-06-25,2309.9,2363,2.25
Pipeline em Produção,2025-06-25,2452.8,2363,2.15
SE(ETR)+MMS+BIN+SE(ELAS)+ABR,2025-06-25,2385.0,2363,0.93
Voting(ETR+RFR+XGB),2025-06-25,2156.9,2363,8.72
FEAT+ABR(3),2025-06-26,2388.8,2570,7.05
Pipeline em Produção,2025-06-26,2268.5,2570,2.92
SE(ETR)+MMS+BIN+SE(ELAS)+ABR,2025-06-26,2438.5,2570,5.12
Voting(ETR+RFR+XGB),2025-06-26,2140.2,2570,16.73
FEAT+ABR(3),2025-06-27,2418.0,2198,10.01
Pipeline em Produção,2025-06-27,2446.5,2198,13.85
SE(ETR)+MMS+BIN+SE(ELAS)+ABR,2025-06-27,2355.8,2198,7.18
Voting(ETR+RFR+XGB),2025-06-27,2350.8,2198,6.95
FEAT+ABR(3),2025-06-30,2370.1,2534,6.47
Pipeline em Produção,2025-06-30,2349.2,2534,43.24
SE(ETR)+MMS+BIN+SE(ELAS)+ABR,2025-06-30,2317.8,2534,8.53
Voting(ETR+RFR+XGB),2025-06-30,2393.1,2534,5.56
FEAT+ABR(3),2025-07-01,2378.0,2652,10.33
Pipeline em Produção,2025-07-01,2321.2,2652,9.3
SE(ETR)+MMS+BIN+SE(ELAS)+ABR,2025-07-01,2415.0,2652,8.94
Voting(ETR+RFR+XGB),2025-07-01,2357.4,2652,11.11
FEAT+ABR(3),2025-07-02,2391.8,2390,0.07
Pipeline em Produção,2025-07-02,2532.2,2390,15.89
SE(ETR)+MMS+BIN+SE(ELAS)+ABR,2025-07-02,2337.2,2390,2.21
Voting(ETR+RFR+XGB),2025-07-02,2317.2,2390,3.05
FEAT+ABR(3),2025-07-03,2349.9,1806,30.12
Pipeline em Produção,2025-07-03,2486.4,1806,3.24
SE(ETR)+MMS+BIN+SE(ELAS)+ABR,2025-07-03,2216.2,1806,22.71
Voting(ETR+RFR+XGB),2025-07-03,2156.1,1806,19.38
FEAT+ABR(3),2025-07-04,2460.2,2804,12.26
Pipeline em Produção,2025-07-04,2371.0,2804,26.05
SE(ETR)+MMS+BIN+SE(ELAS)+ABR,2025-07-04,2302.8,2804,17.88
Voting(ETR+RFR+XGB),2025-07-04,2460.7,2804,12.24
FEAT+ABR(3),2025-07-07,2354.2,2323,1.34
Pipeline em Produção,2025-07-07,2419.5,2323,11.54
SE(ETR)+MMS+BIN+SE(ELAS)+ABR,2025-07-07,2331.6,2323,0.37
Voting(ETR+RFR+XGB),2025-07-07,2323.6,2323,0.02
FEAT+ABR(3),2025-07-08,2404.5,2893,16.88
Pipeline em Produção,2025-07-08,2421.7,2893,3.62
SE(ETR)+MMS+BIN+SE(ELAS)+ABR,2025-07-08,2264.6,2893,21.72
Voting(ETR+RFR+XGB),2025-07-08,2285.5,2893,21.0
FEAT+ABR(3),2025-07-09,2326.0,2466,5.68
Pipeline em Produção,2025-07-09,2611.7,2466,28.73
SE(ETR)+MMS+BIN+SE(ELAS)+ABR,2025-07-09,2416.9,2466,1.99
Voting(ETR+RFR+XGB),2025-07-09,2145.4,2466,13.0
FEAT+ABR(3),2025-07-10,2211.8,2876,23.1
Pipeline em Produção,2025-07-10,2433.2,2876,1.81
SE(ETR)+MMS+BIN+SE(ELAS)+ABR,2025-07-10,2279.9,2876,20.73
Voting(ETR+RFR+XGB),2025-07-10,2327.9,2876,19.06
FEAT+ABR(3),2025-07-11,2547.4,2819,9.64
Pipeline em Produção,2025-07-11,2534.2,2819,13.63
SE(ETR)+MMS+BIN+SE(ELAS)+ABR,2025-07-11,2270.7,2819,19.45
Voting(ETR+RFR+XGB),2025-07-11,2249.7,2819,20.19
FEAT+ABR(3),2025-07-14,2463.7,3166,22.18
Pipeline em Produção,2025-07-14,2433.2,3166,43.05
SE(ETR)+MMS+BIN+SE(ELAS)+ABR,2025-07-14,2561.0,3166,19.11
Voting(ETR+RFR+XGB),2025-07-14,2538.6,3166,19.82
FEAT+ABR(3),2025-07-15,2562.9,2939,12.8
Pipeline em Produção,2025-07-15,2621.7,2939,23.3
SE(ETR)+MMS+BIN+SE(ELAS)+ABR,2025-07-15,2513.6,2939,14.47
Voting(ETR+RFR+XGB),2025-07-15,2700.7,2939,8.11
FEAT+ABR(3),2025-07-16,2472.9,2659,7.0
Pipeline em Produção,2025-07-16,2681.6,2659,3.79
SE(ETR)+MMS+BIN+SE(ELAS)+ABR,2025-07-16,2441.6,2659,8.18
Voting(ETR+RFR+XGB),2025-07-16,2555.7,2659,3.89
FEAT+ABR(3),2025-07-17,2819.0,2675,5.38
Pipeline em Produção,2025-07-17,2884.2,2675,1.3
SE(ETR)+MMS+BIN+SE(ELAS)+ABR,2025-07-17,2929.2,2675,9.5
Voting(ETR+RFR+XGB),2025-07-17,2817.8,2675,5.34
FEAT+ABR(3),2025-07-18,2737.7,2505,9.29
Pipeline em Produção,2025-07-18,2873.3,2505,7.99
SE(ETR)+MMS+BIN+SE(ELAS)+ABR,2025-07-18,2765.9,2505,10.41
Voting(ETR+RFR+XGB),2025-07-18,2752.3,2505,9.87
FEAT+ABR(3),2025-07-21,2810.2,2891,2.79
Pipeline em Produção,2025-07-21,2668.3,2891,13.05
SE(ETR)+MMS+BIN+SE(ELAS)+ABR,2025-07-21,2580.6,2891,10.74
Voting(ETR+RFR+XGB),2025-07-21,2725.3,2891,5.73
FEAT+ABR(3),2025-07-22,2495.1,2720,8.27
Pipeline em Produção,2025-07-22,2633.0,2720,16.28
SE(ETR)+MMS+BIN+SE(ELAS)+ABR,2025-07-22,2152.8,2720,20.85
Voting(ETR+RFR+XGB),2025-07-22,2577.3,2720,5.25
FEAT+ABR(3),2025-07-23,2440.7,2426,0.61
Pipeline em Produção,2025-07-23,2580.0,2426,10.25
SE(ETR)+MMS+BIN+SE(ELAS)+ABR,2025-07-23,2278.3,2426,6.09
Voting(ETR+RFR+XGB),2025-07-23,2469.1,2426,1.78
FEAT+ABR(3),2025-07-24,2761.0,2443,13.02
Pipeline em Produção,2025-07-24,2827.3,2443,2.56
SE(ETR)+MMS+BIN+SE(ELAS)+ABR,2025-07-24,2679.5,2443,9.68
Voting(ETR+RFR+XGB),2025-07-24,2703.2,2443,10.65
FEAT+ABR(3),2025-07-25,2645.8,3041,12.99
Pipeline em Produção,2025-07-25,2421.3,3041,13.13
SE(ETR)+MMS+BIN+SE(ELAS)+ABR,2025-07-25,2340.7,3041,23.03
Voting(ETR+RFR+XGB),2025-07-25,2681.6,3041,11.82
FEAT+ABR(3),2025-07-28,2425.8,2766,12.3
Pipeline em Produção,2025-07-28,2803.6,2766,81.96
SE(ETR)+MMS+BIN+SE(ELAS)+ABR,2025-07-28,2641.2,2766,4.51
Voting(ETR+RFR+XGB),2025-07-28,2500.0,2766,9.62
FEAT+ABR(3),2025-07-29,2727.3,2603,4.77
Pipeline em Produção,2025-07-29,2827.3,2603,9.91
SE(ETR)+MMS+BIN+SE(ELAS)+ABR,2025-07-29,2660.0,2603,2.19
Voting(ETR+RFR+XGB),2025-07-29,2632.2,2603,1.12
FEAT+ABR(3),2025-07-30,2444.8,2353,3.9
Pipeline em Produção,2025-07-30,2623.5,2353,3.35
SE(ETR)+MMS+BIN+SE(ELAS)+ABR,2025-07-30,2610.6,2353,10.95
Voting(ETR+RFR+XGB),2025-07-30,2417.7,2353,2.75
FEAT+ABR(3),2025-07-31,2660.6,2493,6.72
Pipeline em Produção,2025-07-31,2872.0,2493,2.09
SE(ETR)+MMS+BIN+SE(ELAS)+ABR,2025-07-31,2743.0,2493,10.03
Voting(ETR+RFR+XGB),2025-07-31,2718.5,2493,9.04
FEAT+ABR(3),2025-08-01,2575.5,2378,8.31
Pipeline em Produção,2025-08-01,2413.8,2378,19.65
SE(ETR)+MMS+BIN+SE(ELAS)+ABR,2025-08-01,2523.8,2378,6.13
Voting(ETR+RFR+XGB),2025-08-01,2422.0,2378,1.85
FEAT+ABR(3),2025-08-04,2511.3,2638,4.8
Pipeline em Produção,2025-08-04,2458.1,2638,223.28
SE(ETR)+MMS+BIN+SE(ELAS)+ABR,2025-08-04,2636.1,2638,0.07
Voting(ETR+RFR+XGB),2025-08-04,2541.9,2638,3.64
FEAT+ABR(3),2025-08-05,2563.0,2582,0.74
Pipeline em Produção,2025-08-05,2439.1,2582,381.52
SE(ETR)+MMS+BIN+SE(ELAS)+ABR,2025-08-05,2433.2,2582,5.76
Voting(ETR+RFR+XGB),2025-08-05,2501.0,2582,3.14
FEAT+ABR(3),2025-08-06,2468.0,2843,13.19
Pipeline em Produção,2025-08-06,2448.3,2843,3.58
SE(ETR)+MMS+BIN+SE(ELAS)+ABR,2025-08-06,2400.9,2843,15.55
Voting(ETR+RFR+XGB),2025-08-06,2347.4,2843,17.43
FEAT+ABR(3),2025-08-07,2597.6,2713,4.25
Pipeline em Produção,2025-08-07,2601.9,2713,17.52
SE(ETR)+MMS+BIN+SE(ELAS)+ABR,2025-08-07,2437.3,2713,10.16
Voting(ETR+RFR+XGB),2025-08-07,2476.3,2713,8.72
FEAT+ABR(3),2025-08-08,2483.2,2965,16.25
Pipeline em Produção,2025-08-08,2558.4,2965,2.58
SE(ETR)+MMS+BIN+SE(ELAS)+ABR,2025-08-08,2464.4,2965,16.88
Voting(ETR+RFR+XGB),2025-08-08,2339.8,2965,21.09
FEAT+ABR(3),2025-08-11,2806.0,2989,6.12
Pipeline em Produção,2025-08-11,2890.0,2989,52.55
SE(ETR)+MMS+BIN+SE(ELAS)+ABR,2025-08-11,2852.5,2989,4.57
Voting(ETR+RFR+XGB),2025-08-11,2777.5,2989,7.08
FEAT+ABR(3),2025-08-12,2751.9,3027,9.09
Pipeline em Produção,2025-08-12,2642.6,3027,12.44
SE(ETR)+MMS+BIN+SE(ELAS)+ABR,2025-08-12,2703.2,3027,10.7
Voting(ETR+RFR+XGB),2025-08-12,2732.5,3027,9.73
FEAT+ABR(3),2025-08-13,2662.4,2751,3.22
Pipeline em Produção,2025-08-13,2685.1,2751,3.49
SE(ETR)+MMS+BIN+SE(ELAS)+ABR,2025-08-13,2695.0,2751,2.04
Voting(ETR+RFR+XGB),2025-08-13,2527.3,2751,8.13
FEAT+ABR(3),2025-08-14,2651.0,2808,5.59
Pipeline em Produção,2025-08-14,2671.7,2808,3.51
SE(ETR)+MMS+BIN+SE(ELAS)+ABR,2025-08-14,2766.3,2808,1.49
Voting(ETR+RFR+XGB),2025-08-14,2628.4,2808,6.39
FEAT+ABR(3),2025-08-15,2731.7,2949,7.37
Pipeline em Produção,2025-08-15,2671.7,2949,8.82
SE(ETR)+MMS+BIN+SE(ELAS)+ABR,2025-08-15,2747.6,2949,6.83
Voting(ETR+RFR+XGB),2025-08-15,2678.9,2949,9.16
FEAT+ABR(3),2025-08-18,2695.9,2912,7.42
Pipeline em Produção,2025-08-18,2775.7,2912,30.54
SE(ETR)+MMS+BIN+SE(ELAS)+ABR,2025-08-18,2736.3,2912,6.03
Voting(ETR+RFR+XGB),2025-08-18,2872.8,2912,1.35
FEAT+ABR(3),2025-08-19,2767.6,2731,1.34
Pipeline em Produção,2025-08-19,2814.5,2731,2.98
SE(ETR)+MMS+BIN+SE(ELAS)+ABR,2025-08-19,2796.3,2731,2.39
Voting(ETR+RFR+XGB),2025-08-19,2897.8,2731,6.11
FEAT+ABR(3),2025-08-20,2603.2,2737,4.89
Pipeline em Produção,2025-08-20,2602.0,2737,2.01
SE(ETR)+MMS+BIN+SE(ELAS)+ABR,2025-08-20,2805.0,2737,2.48
Voting(ETR+RFR+XGB),2025-08-20,2670.2,2737,2.44
FEAT+ABR(3),2025-08-21,2662.7,2782,4.29
Pipeline em Produção,2025-08-21,2635.0,2782,3.9
SE(ETR)+MMS+BIN+SE(ELAS)+ABR,2025-08-21,2651.2,2782,4.7
Voting(ETR+RFR+XGB),2025-08-21,2681.0,2782,3.63
FEAT+ABR(3),2025-08-22,2794.2,2739,2.01
Pipeline em Produção,2025-08-22,2860.1,2739,21.01
SE(ETR)+MMS+BIN+SE(ELAS)+ABR,2025-08-22,2700.9,2739,1.39
Voting(ETR+RFR+XGB),2025-08-22,2897.1,2739,5.77
FEAT+ABR(3),2025-08-25,2818.7,2834,0.54
Pipeline em Produção,2025-08-25,2901.4,2834,6.85
SE(ETR)+MMS+BIN+SE(ELAS)+ABR,2025-08-25,2749.0,2834,3.0
Voting(ETR+RFR+XGB),2025-08-25,2856.6,2834,0.8
FEAT+ABR(3),2025-08-26,2745.7,2581,6.38
Pipeline em Produção,2025-08-26,2595.9,2581,1.7
SE(ETR)+MMS+BIN+SE(ELAS)+ABR,2025-08-26,2722.3,2581,5.48
Voting(ETR+RFR+XGB),2025-08-26,2808.6,2581,8.82
FEAT+ABR(3),2025-08-27,2530.2,2473,2.31
Pipeline em Produção,2025-08-27,2786.3,2473,3.17
SE(ETR)+MMS+BIN+SE(ELAS)+ABR,2025-08-27,2775.6,2473,12.23
Voting(ETR+RFR+XGB),2025-08-27,2507.2,2473,1.38
FEAT+ABR(3),2025-08-28,2656.1,2472,7.45
Pipeline em Produção,2025-08-28,2445.5,2472,2.35
SE(ETR)+MMS+BIN+SE(ELAS)+ABR,2025-08-28,2713.2,2472,9.76
Voting(ETR+RFR+XGB),2025-08-28,2593.2,2472,4.9
FEAT+ABR(3),2025-08-29,2616.3,2683,2.49
Pipeline em Produção,2025-08-29,2612.1,2683,2.94
SE(ETR)+MMS+BIN+SE(ELAS)+ABR,2025-08-29,2635.9,2683,1.76
Voting(ETR+RFR+XGB),2025-08-29,2664.6,2683,0.69
FEAT+ABR(3),2025-09-01,2806.6,2675,4.92
Pipeline em Produção,2025-09-01,2718.6,2675,9.49
SE(ETR)+MMS+BIN+SE(ELAS)+ABR,2025-09-01,2767.9,2675,3.47
Voting(ETR+RFR+XGB),2025-09-01,2745.3,2675,2.63
FEAT+ABR(3),2025-09-02,2732.3,2441,11.93
Pipeline em Produção,2025-09-02,2642.0,2441,1.02
SE(ETR)+MMS+BIN+SE(ELAS)+ABR,2025-09-02,2697.2,2441,10.5
Voting(ETR+RFR+XGB),2025-09-02,2712.9,2441,11.14
FEAT+ABR(3),2025-09-03,2598.3,2454,5.88
Pipeline em Produção,2025-09-03,2512.5,2454,9.09
SE(ETR)+MMS+BIN+SE(ELAS)+ABR,2025-09-03,2753.3,2454,12.2
Voting(ETR+RFR+XGB),2025-09-03,2610.7,2454,6.39
FEAT+ABR(3),2025-09-04,2541.7,2410,5.47
Pipeline em Produção,2025-09-04,2703.5,2410,1.61
SE(ETR)+MMS+BIN+SE(ELAS)+ABR,2025-09-04,2582.1,2410,7.14
Voting(ETR+RFR+XGB),2025-09-04,2560.3,2410,6.24
FEAT+ABR(3),2025-09-05,2760.9,2718,1.58
Pipeline em Produção,2025-09-05,2508.3,2718,3.48
SE(ETR)+MMS+BIN+SE(ELAS)+ABR,2025-09-05,2593.5,2718,4.58
Voting(ETR+RFR+XGB),2025-09-05,2631.1,2718,3.2
FEAT+ABR(3),2025-09-08,2699.2,3147,14.23
Pipeline em Produção,2025-09-08,2820.3,3147,11.64
SE(ETR)+MMS+BIN+SE(ELAS)+ABR,2025-09-08,2711.2,3147,13.85
Voting(ETR+RFR+XGB),2025-09-08,2683.3,3147,14.74
FEAT+ABR(3),2025-09-09,2794.4,2903,3.74
Pipeline em Produção,2025-09-09,2795.2,2903,1.43
SE(ETR)+MMS+BIN+SE(ELAS)+ABR,2025-09-09,2742.8,2903,5.52
Voting(ETR+RFR+XGB),2025-09-09,2849.9,2903,1.83
FEAT+ABR(3),2025-09-10,2808.0,3071,8.56
Pipeline em Produção,2025-09-10,2946.7,3071,1.05
SE(ETR)+MMS+BIN+SE(ELAS)+ABR,2025-09-10,2853.0,3071,7.1
Voting(ETR+RFR+XGB),2025-09-10,2762.7,3071,10.04
FEAT+ABR(3),2025-09-11,2914.8,2861,1.88
Pipeline em Produção,2025-09-11,2987.8,2861,4.28
SE(ETR)+MMS+BIN+SE(ELAS)+ABR,2025-09-11,2798.7,2861,2.18
Voting(ETR+RFR+XGB),2025-09-11,2829.2,2861,1.11
FEAT+ABR(3),2025-09-12,2901.4,2902,0.02
Pipeline em Produção,2025-09-12,2750.8,2902,2.48
SE(ETR)+MMS+BIN+SE(ELAS)+ABR,2025-09-12,2780.4,2902,4.19
Voting(ETR+RFR+XGB),2025-09-12,2800.2,2902,3.51
FEAT+ABR(3),2025-09-15,2867.2,2629,9.06
Pipeline em Produção,2025-09-15,2735.6,2629,17.22
SE(ETR)+MMS+BIN+SE(ELAS)+ABR,2025-09-15,2638.5,2629,0.36
Voting(ETR+RFR+XGB),2025-09-15,2871.4,2629,9.22
FEAT+ABR(3),2025-09-16,2811.3,2763,1.75
Pipeline em Produção,2025-09-16,2819.8,2763,13.77
SE(ETR)+MMS+BIN+SE(ELAS)+ABR,2025-09-16,2594.0,2763,6.12
Voting(ETR+RFR+XGB),2025-09-16,2662.0,2763,3.66
FEAT+ABR(3),2025-09-17,2748.8,2953,6.92
Pipeline em Produção,2025-09-17,2870.2,2953,6.47
SE(ETR)+MMS+BIN+SE(ELAS)+ABR,2025-09-17,2784.2,2953,5.72
Voting(ETR+RFR+XGB),2025-09-17,2718.2,2953,7.95
FEAT+ABR(3),2025-09-18,2789.0,2644,5.48
Pipeline em Produção,2025-09-18,2746.5,2644,9.18
SE(ETR)+MMS+BIN+SE(ELAS)+ABR,2025-09-18,2840.4,2644,7.43
Voting(ETR+RFR+XGB),2025-09-18,2849.7,2644,7.78
FEAT+ABR(3),2025-09-19,2724.8,2783,2.09
Pipeline em Produção,2025-09-19,2748.2,2783,4.63
SE(ETR)+MMS+BIN+SE(ELAS)+ABR,2025-09-19,2706.1,2783,2.76
Voting(ETR+RFR+XGB),2025-09-19,2769.6,2783,0.48
FEAT+ABR(3),2025-09-22,2786.2,2431,14.61
Pipeline em Produção,2025-09-22,3022.8,2431,5.56
SE(ETR)+MMS+BIN+SE(ELAS)+ABR,2025-09-22,2589.4,2431,6.52
Voting(ETR+RFR+XGB),2025-09-22,2887.3,2431,18.77
FEAT+ABR(3),2025-09-23,2577.8,2881,10.53
Pipeline em Produção,2025-09-23,2862.7,2881,14.14
SE(ETR)+MMS+BIN+SE(ELAS)+ABR,2025-09-23,2698.9,2881,6.32
Voting(ETR+RFR+XGB),2025-09-23,2582.3,2881,10.37
FEAT+ABR(3),2025-09-24,2770.6,2591,6.93
Pipeline em Produção,2025-09-24,2793.9,2591,3.66
SE(ETR)+MMS+BIN+SE(ELAS)+ABR,2025-09-24,2765.8,2591,6.74
Voting(ETR+RFR+XGB),2025-09-24,2755.9,2591,6.37
FEAT+ABR(3),2025-09-25,2622.5,2962,11.46
Pipeline em Produção,2025-09-25,2698.5,2962,7.42
SE(ETR)+MMS+BIN+SE(ELAS)+ABR,2025-09-25,2558.7,2962,13.62
Voting(ETR+RFR+XGB),2025-09-25,2675.0,2962,9.69
FEAT+ABR(3),2025-09-26,2857.5,2884,0.92
Pipeline em Produção,2025-09-26,2767.6,2884,12.0
SE(ETR)+MMS+BIN+SE(ELAS)+ABR,2025-09-26,2766.6,2884,4.07
Voting(ETR+RFR+XGB),2025-09-26,2785.1,2884,3.43
FEAT+ABR(3),2025-09-29,2924.0,2937,0.44
Pipeline em Produção,2025-09-29,2727.4,2937,2.91
SE(ETR)+MMS+BIN+SE(ELAS)+ABR,2025-09-29,2969.5,2937,1.11
Voting(ETR+RFR+XGB),2025-09-29,2855.1,2937,2.79
FEAT+ABR(3),2025-09-30,2799.3,2583,8.38
Pipeline em Produção,2025-09-30,2868.4,2583,6.85
SE(ETR)+MMS+BIN+SE(ELAS)+ABR,2025-09-30,2765.8,2583,7.08
Voting(ETR+RFR+XGB),2025-09-30,2787.3,2583,7.91
FEAT+ABR(3),2025-10-01,2811.2,2627,7.01
Pipeline em Produção,2025-10-01,2866.9,2627,7.84
SE(ETR)+MMS+BIN+SE(ELAS)+ABR,2025-10-01,2679.4,2627,2.0
Voting(ETR+RFR+XGB),2025-10-01,2851.2,2627,8.54
FEAT+ABR(3),2025-10-02,2803.7,2491,12.55
Pipeline em Produção,2025-10-02,2738.9,2491,5.82
SE(ETR)+MMS+BIN+SE(ELAS)+ABR,2025-10-02,2734.6,2491,9.78
Voting(ETR+RFR+XGB),2025-10-02,2754.4,2491,10.57
FEAT+ABR(3),2025-10-03,2766.8,2412,14.71
Pipeline em Produção,2025-10-03,2622.0,2412,12.91
SE(ETR)+MMS+BIN+SE(ELAS)+ABR,2025-10-03,2665.8,2412,10.52
Voting(ETR+RFR+XGB),2025-10-03,2730.3,2412,13.2
FEAT+ABR(3),2025-10-06,2612.9,2794,6.48
Pipeline em Produção,2025-10-06,2680.1,2794,15.24
SE(ETR)+MMS+BIN+SE(ELAS)+ABR,2025-10-06,2745.8,2794,1.72
Voting(ETR+RFR+XGB),2025-10-06,2709.6,2794,3.02
FEAT+ABR(3),2025-10-07,2657.0,2874,7.55
Pipeline em Produção,2025-10-07,2732.2,2874,3.11
SE(ETR)+MMS+BIN+SE(ELAS)+ABR,2025-10-07,2817.2,2874,1.98
Voting(ETR+RFR+XGB),2025-10-07,2610.9,2874,9.15
FEAT+ABR(3),2025-10-08,2866.1,3076,6.82
Pipeline em Produção,2025-10-08,2798.2,3076,8.95
SE(ETR)+MMS+BIN+SE(ELAS)+ABR,2025-10-08,2909.2,3076,5.42
Voting(ETR+RFR+XGB),2025-10-08,2733.5,3076,11.14
FEAT+ABR(3),2025-10-09,2899.8,2850,1.75
Pipeline em Produção,2025-10-09,2866.9,2850,6.58
SE(ETR)+MMS+BIN+SE(ELAS)+ABR,2025-10-09,2925.5,2850,2.65
Voting(ETR+RFR+XGB),2025-10-09,2829.4,2850,0.72
FEAT+ABR(3),2025-10-10,2866.0,3072,6.71
Pipeline em Produção,2025-10-10,2923.1,3072,3.67
SE(ETR)+MMS+BIN+SE(ELAS)+ABR,2025-10-10,2888.5,3072,5.97
Voting(ETR+RFR+XGB),2025-10-10,2844.5,3072,7.41
FEAT+ABR(3),2025-10-13,2701.7,2528,6.87
Pipeline em Produção,2025-10-13,2747.5,2528,15.36
SE(ETR)+MMS+BIN+SE(ELAS)+ABR,2025-10-13,2646.4,2528,4.68
Voting(ETR+RFR+XGB),2025-10-13,2698.7,2528,6.75
FEAT+ABR(3),2025-10-14,2587.1,2942,12.06
Pipeline em Produção,2025-10-14,2886.6,2942,12.94
SE(ETR)+MMS+BIN+SE(ELAS)+ABR,2025-10-14,2618.5,2942,11.0
Voting(ETR+RFR+XGB),2025-10-14,2700.2,2942,8.22
FEAT+ABR(3),2025-10-15,2709.2,2813,3.69
Pipeline em Produção,2025-10-15,2658.1,2813,9.44
SE(ETR)+MMS+BIN+SE(ELAS)+ABR,2025-10-15,2790.0,2813,0.82
Voting(ETR+RFR+XGB),2025-10-15,2745.1,2813,2.41
FEAT+ABR(3),2025-10-16,2763.4,2644,4.51
Pipeline em Produção,2025-10-16,2765.9,2644,9.22
SE(ETR)+MMS+BIN+SE(ELAS)+ABR,2025-10-16,2734.6,2644,3.43
Voting(ETR+RFR+XGB),2025-10-16,2720.9,2644,2.91
FEAT+ABR(3),2025-10-17,2744.2,2770,0.93
Pipeline em Produção,2025-10-17,2652.0,2770,1.65
SE(ETR)+MMS+BIN+SE(ELAS)+ABR,2025-10-17,2716.3,2770,1.94
Voting(ETR+RFR+XGB),2025-10-17,2769.9,2770,0.0
FEAT+ABR(3),2025-10-20,2622.2,2784,5.81
Pipeline em Produção,2025-10-20,2677.2,2784,1.48
SE(ETR)+MMS+BIN+SE(ELAS)+ABR,2025-10-20,2645.5,2784,4.97
Voting(ETR+RFR+XGB),2025-10-20,2710.3,2784,2.65
FEAT+ABR(3),2025-10-21,2754.9,2597,6.08
Pipeline em Produção,2025-10-21,2761.7,2597,1.37
SE(ETR)+MMS+BIN+SE(ELAS)+ABR,2025-10-21,2742.2,2597,5.59
Voting(ETR+RFR+XGB),2025-10-21,2728.2,2597,5.05
FEAT+ABR(3),2025-10-22,2783.4,2632,5.75
Pipeline em Produção,2025-10-22,2823.2,2632,1.17
SE(ETR)+MMS+BIN+SE(ELAS)+ABR,2025-10-22,2662.8,2632,1.17
Voting(ETR+RFR+XGB),2025-10-22,2782.7,2632,5.72
FEAT+ABR(3),2025-10-23,2713.8,2581,5.14
Pipeline em Produção,2025-10-23,2897.8,2581,2.82
SE(ETR)+MMS+BIN+SE(ELAS)+ABR,2025-10-23,2674.6,2581,3.63
Voting(ETR+RFR+XGB),2025-10-23,2717.9,2581,5.3
FEAT+ABR(3),2025-10-24,2793.6,2279,22.58
Pipeline em Produção,2025-10-24,2695.8,2279,11.03
SE(ETR)+MMS+BIN+SE(ELAS)+ABR,2025-10-24,2622.7,2279,15.08
Voting(ETR+RFR+XGB),2025-10-24,2722.0,2279,19.44
FEAT+ABR(3),2025-10-27,2721.2,3464,21.44
Pipeline em Produção,2025-10-27,2726.8,3464,11.53
SE(ETR)+MMS+BIN+SE(ELAS)+ABR,2025-10-27,2717.3,3464,21.56
Voting(ETR+RFR+XGB),2025-10-27,2710.2,3464,21.76
FEAT+ABR(3),2025-10-28,2858.4,2804,1.94
Pipeline em Produção,2025-10-28,2956.2,2804,25.31
SE(ETR)+MMS+BIN+SE(ELAS)+ABR,2025-10-28,2924.1,2804,4.28
Voting(ETR+RFR+XGB),2025-10-28,2875.9,2804,2.56
FEAT+ABR(3),2025-10-29,2958.9,1234,139.78
Pipeline em Produção,2025-10-29,2948.3,1234,12.48
SE(ETR)+MMS+BIN+SE(ELAS)+ABR,2025-10-29,2891.7,1234,134.33
Voting(ETR+RFR+XGB),2025-10-29,3002.2,1234,143.29
FEAT+ABR(3),2025-10-30,2913.4,2970,1.91
Pipeline em Produção,2025-10-30,2962.0,2970,65.27
SE(ETR)+MMS+BIN+SE(ELAS)+ABR,2025-10-30,2763.4,2970,6.96
Voting(ETR+RFR+XGB),2025-10-30,2853.6,2970,3.92
FEAT+ABR(3),2025-10-31,2735.2,3387,19.24
Pipeline em Produção,2025-10-31,2869.1,3387,104.66
SE(ETR)+MMS+BIN+SE(ELAS)+ABR,2025-10-31,2750.5,3387,18.79
Voting(ETR+RFR+XGB),2025-10-31,2766.9,3387,18.31
FEAT+ABR(3),2025-11-03,1234.0,2514,50.91
Pipeline em Produção,2025-11-03,2713.3,2514,25.91
SE(ETR)+MMS+BIN+SE(ELAS)+ABR,2025-11-03,2674.2,2514,6.37
Voting(ETR+RFR+XGB),2025-11-03,2240.1,2514,10.89
FEAT+ABR(3),2025-11-04,2811.3,2547,10.38
Pipeline em Produção,2025-11-04,2601.0,2547,7.61
SE(ETR)+MMS+BIN+SE(ELAS)+ABR,2025-11-04,2783.0,2547,9.27
Voting(ETR+RFR+XGB),2025-11-04,2775.2,2547,8.96
FEAT+ABR(3),2025-11-05,2637.5,2729,3.35
Pipeline em Produção,2025-11-05,2527.6,2729,13.58
SE(ETR)+MMS+BIN+SE(ELAS)+ABR,2025-11-05,2746.2,2729,0.63
Voting(ETR+RFR+XGB),2025-11-05,2121.3,2729,22.27
FEAT+ABR(3),2025-11-06,2669.3,2784,4.12
Pipeline em Produção,2025-11-06,2604.5,2784,45.64
SE(ETR)+MMS+BIN+SE(ELAS)+ABR,2025-11-06,2718.5,2784,2.35
Voting(ETR+RFR+XGB),2025-11-06,2657.2,2784,4.56
FEAT+ABR(3),2025-11-07,2684.6,2942,8.75
Pipeline em Produção,2025-11-07,2715.5,2942,10.29
SE(ETR)+MMS+BIN+SE(ELAS)+ABR,2025-11-07,2751.0,2942,6.49
Voting(ETR+RFR+XGB),2025-11-07,2768.9,2942,5.88
FEAT+ABR(3),2025-11-10,2832.0,3112,9.0
Pipeline em Produção,2025-11-10,2967.3,3112,39.82
SE(ETR)+MMS+BIN+SE(ELAS)+ABR,2025-11-10,2723.6,3112,12.48
Voting(ETR+RFR+XGB),2025-11-10,2711.1,3112,12.88
FEAT+ABR(3),2025-11-11,2825.0,2746,2.88
Pipeline em Produção,2025-11-11,2975.5,2746,35.58
SE(ETR)+MMS+BIN+SE(ELAS)+ABR,2025-11-11,2789.3,2746,1.58
Voting(ETR+RFR+XGB),2025-11-11,2774.4,2746,1.04
FEAT+ABR(3),2025-11-12,2712.4,2959,8.33
Pipeline em Produção,2025-11-12,2836.7,2959,6.45
SE(ETR)+MMS+BIN+SE(ELAS)+ABR,2025-11-12,2153.0,2959,27.24
Voting(ETR+RFR+XGB),2025-11-12,2583.1,2959,12.7
FEAT+ABR(3),2025-11-13,2699.8,2595,4.04
Pipeline em Produção,2025-11-13,2761.7,2595,3.67
SE(ETR)+MMS+BIN+SE(ELAS)+ABR,2025-11-13,2775.4,2595,6.95
Voting(ETR+RFR+XGB),2025-11-13,2794.5,2595,7.69
FEAT+ABR(3),2025-11-14,2627.7,2455,7.03
Pipeline em Produção,2025-11-14,2799.7,2455,6.5
SE(ETR)+MMS+BIN+SE(ELAS)+ABR,2025-11-14,2813.0,2455,14.58
Voting(ETR+RFR+XGB),2025-11-14,2596.1,2455,5.75
FEAT+ABR(3),2025-11-17,2793.7,2810,0.58
Pipeline em Produção,2025-11-17,2761.7,2810,16455.08
SE(ETR)+MMS+BIN+SE(ELAS)+ABR,2025-11-17,2807.4,2810,0.09
Voting(ETR+RFR+XGB),2025-11-17,2666.0,2810,5.12
FEAT+ABR(3),2025-11-18,2905.8,2592,12.11
Pipeline em Produção,2025-11-18,2788.3,2592,30351.02
SE(ETR)+MMS+BIN+SE(ELAS)+ABR,2025-11-18,2827.6,2592,9.09
Voting(ETR+RFR+XGB),2025-11-18,2742.7,2592,5.81
FEAT+ABR(3),2025-11-19,2686.8,3151,14.73
Pipeline em Produção,2025-11-19,2715.2,3151,3.94
SE(ETR)+MMS+BIN+SE(ELAS)+ABR,2025-11-19,2721.2,3151,13.64
Voting(ETR+RFR+XGB),2025-11-19,2710.7,3151,13.97
FEAT+ABR(3),2025-11-21,2890.8,3344,13.55
Pipeline em Produção,2025-11-21,2915.2,3344,143059.06
SE(ETR)+MMS+BIN+SE(ELAS)+ABR,2025-11-21,2336.8,3344,30.12
Voting(ETR+RFR+XGB),2025-11-21,2881.2,3344,13.84
FEAT+ABR(3),2025-11-24,2728.3,3194,14.58
Pipeline em Produção,2025-11-24,2888.3,3194,7.25
SE(ETR)+MMS+BIN+SE(ELAS)+ABR,2025-11-24,2528.0,3194,20.85
Voting(ETR+RFR+XGB),2025-11-24,2798.4,3194,12.39
FEAT+ABR(3),2025-11-25,2713.5,2971,8.67
Pipeline em Produção,2025-11-25,2946.7,2971,138.61
SE(ETR)+MMS+BIN+SE(ELAS)+ABR,2025-11-25,2782.5,2971,6.34
Voting(ETR+RFR+XGB),2025-11-25,2697.3,2971,9.21
FEAT+ABR(3),2025-11-26,2705.0,2602,3.96
Pipeline em Produção,2025-11-26,2806.2,2602,56.14
SE(ETR)+MMS+BIN+SE(ELAS)+ABR,2025-11-26,2589.2,2602,0.49
Voting(ETR+RFR+XGB),2025-11-26,2770.1,2602,6.46
FEAT+ABR(3),2025-11-27,772.0,2848,72.89
Pipeline em Produção,2025-11-27,2943.2,2848,42.11
SE(ETR)+MMS+BIN+SE(ELAS)+ABR,2025-11-27,2514.0,2848,11.73
Voting(ETR+RFR+XGB),2025-11-27,2079.0,2848,27.0
FEAT+ABR(3),2025-11-28,2764.6,3030,8.76
Pipeline em Produção,2025-11-28,2782.0,3030,82.93
SE(ETR)+MMS+BIN+SE(ELAS)+ABR,2025-11-28,2812.0,3030,7.19
Voting(ETR+RFR+XGB),2025-11-28,2788.9,3030,7.96
FEAT+ABR(3),2025-12-01,2716.3,2666,1.89
Pipeline em Produção,2025-12-01,2792.7,2666,6.21
SE(ETR)+MMS+BIN+SE(ELAS)+ABR,2025-12-01,2665.0,2666,0.04
Voting(ETR+RFR+XGB),2025-12-01,2662.9,2666,0.12
FEAT+ABR(3),2025-12-02,2764.8,2563,7.87
Pipeline em Produção,2025-12-02,2791.6,2563,3.59
SE(ETR)+MMS+BIN+SE(ELAS)+ABR,2025-12-02,2815.9,2563,9.87
Voting(ETR+RFR+XGB),2025-12-02,2830.0,2563,10.42
FEAT+ABR(3),2025-12-03,2747.7,2583,6.38
Pipeline em Produção,2025-12-03,2746.3,2583,4.89
SE(ETR)+MMS+BIN+SE(ELAS)+ABR,2025-12-03,2789.6,2583,8.0
Voting(ETR+RFR+XGB),2025-12-03,2750.6,2583,6.49
FEAT+ABR(3),2025-12-04,2713.8,2232,21.59
Pipeline em Produção,2025-12-04,2709.0,2232,3.95
SE(ETR)+MMS+BIN+SE(ELAS)+ABR,2025-12-04,2759.6,2232,23.64
Voting(ETR+RFR+XGB),2025-12-04,2632.3,2232,17.94
FEAT+ABR(3),2025-12-05,3115.4,2719,14.58
Pipeline em Produção,2025-12-05,2554.1,2719,1.69
SE(ETR)+MMS+BIN+SE(ELAS)+ABR,2025-12-05,2771.3,2719,1.92
Voting(ETR+RFR+XGB),2025-12-05,2854.5,2719,4.98
FEAT+ABR(3),2025-12-08,3129.4,2994,4.52
Pipeline em Produção,2025-12-08,2729.9,2994,24.61
SE(ETR)+MMS+BIN+SE(ELAS)+ABR,2025-12-08,2940.7,2994,1.78
Voting(ETR+RFR+XGB),2025-12-08,3191.2,2994,6.59
FEAT+ABR(3),2025-12-09,3064.7,2825,8.49
Pipeline em Produção,2025-12-09,2676.2,2825,11.47
SE(ETR)+MMS+BIN+SE(ELAS)+ABR,2025-12-09,2787.9,2825,1.31
Voting(ETR+RFR+XGB),2025-12-09,2861.0,2825,1.27
FEAT+ABR(3),2025-12-10,2845.1,3003,5.26
Pipeline em Produção,2025-12-10,2786.2,3003,2.31
SE(ETR)+MMS+BIN+SE(ELAS)+ABR,2025-12-10,2497.0,3003,16.85
Voting(ETR+RFR+XGB),2025-12-10,2803.7,3003,6.64
FEAT+ABR(3),2025-12-11,2689.5,3181,15.45
Pipeline em Produção,2025-12-11,2777.1,3181,3.0
SE(ETR)+MMS+BIN+SE(ELAS)+ABR,2025-12-11,2804.0,3181,11.85
Voting(ETR+RFR+XGB),2025-12-11,2704.7,3181,14.97
FEAT+ABR(3),2025-12-12,2974.2,3108,4.3
Pipeline em Produção,2025-12-12,2786.2,3108,16.41
SE(ETR)+MMS+BIN+SE(ELAS)+ABR,2025-12-12,2763.0,3108,11.1
Voting(ETR+RFR+XGB),2025-12-12,2561.9,3108,17.57
FEAT+ABR(3),2025-12-15,2649.6,3226,17.87
Pipeline em Produção,2025-12-15,2731.3,3226,12.65
SE(ETR)+MMS+BIN+SE(ELAS)+ABR,2025-12-15,2752.5,3226,14.68
Voting(ETR+RFR+XGB),2025-12-15,2748.3,3226,14.81
FEAT+ABR(3),2025-12-16,2651.9,3069,13.59
Pipeline em Produção,2025-12-16,2959.9,3069,20.42
SE(ETR)+MMS+BIN+SE(ELAS)+ABR,2025-12-16,2818.4,3069,8.17
Voting(ETR+RFR+XGB),2025-12-16,2653.7,3069,13.53
FEAT+ABR(3),2025-12-17,2706.1,3052,11.33
Pipeline em Produção,2025-12-17,2613.2,3052,6.35
SE(ETR)+MMS+BIN+SE(ELAS)+ABR,2025-12-17,2803.8,3052,8.13
Voting(ETR+RFR+XGB),2025-12-17,2709.1,3052,11.23
FEAT+ABR(3),2025-12-18,2728.3,2648,3.03
Pipeline em Produção,2025-12-18,2818.7,2648,10.32
SE(ETR)+MMS+BIN+SE(ELAS)+ABR,2025-12-18,2881.3,2648,8.81
Voting(ETR+RFR+XGB),2025-12-18,2766.4,2648,4.47
FEAT+ABR(3),2025-12-19,2830.8,3452,18.0
Pipeline em Produção,2025-12-19,2994.0,3452,1.99
SE(ETR)+MMS+BIN+SE(ELAS)+ABR,2025-12-19,2765.3,3452,19.89
Voting(ETR+RFR+XGB),2025-12-19,2814.7,3452,18.46
FEAT+ABR(3),2025-12-22,2558.8,2549,0.39
Pipeline em Produção,2025-12-22,2831.8,2549,1.51
SE(ETR)+MMS+BIN+SE(ELAS)+ABR,2025-12-22,2782.3,2549,9.15
Voting(ETR+RFR+XGB),2025-12-22,2425.2,2549,4.86
FEAT+ABR(3),2025-12-23,2700.4,4010,32.66
Pipeline em Produção,2025-12-23,2844.1,4010,8.11
SE(ETR)+MMS+BIN+SE(ELAS)+ABR,2025-12-23,2758.2,4010,31.22
Voting(ETR+RFR+XGB),2025-12-23,2660.5,4010,33.65
FEAT+ABR(3),2025-12-24,2794.3,1935,44.41
Pipeline em Produção,2025-12-24,2836.8,1935,30.9
SE(ETR)+MMS+BIN+SE(ELAS)+ABR,2025-12-24,2876.3,1935,48.64
Voting(ETR+RFR+XGB),2025-12-24,2897.4,1935,49.74
FEAT+ABR(3),2025-12-26,2766.2,2682,3.14
Pipeline em Produção,2025-12-26,2717.8,2682,34.82
SE(ETR)+MMS+BIN+SE(ELAS)+ABR,2025-12-26,2923.7,2682,9.01
Voting(ETR+RFR+XGB),2025-12-26,2717.3,2682,1.32
FEAT+ABR(3),2025-12-29,2873.8,3207,10.39
Pipeline em Produção,2025-12-29,2918.9,3207,3.17
SE(ETR)+MMS+BIN+SE(ELAS)+ABR,2025-12-29,2894.5,3207,9.75
Voting(ETR+RFR+XGB),2025-12-29,2733.3,3207,14.77
FEAT+ABR(3),2025-12-30,2845.9,3487,18.39
Pipeline em Produção,2025-12-30,2962.2,3487,7.49
SE(ETR)+MMS+BIN+SE(ELAS)+ABR,2025-12-30,2613.7,3487,25.04
Voting(ETR+RFR+XGB),2025-12-30,2604.6,3487,25.3
FEAT+ABR(3),2025-12-31,2957.9,1102,168.41
Pipeline em Produção,2025-12-31,2865.3,1102,12.91
SE(ETR)+MMS+BIN+SE(ELAS)+ABR,2025-12-31,1935.0,1102,75.59
Voting(ETR+RFR+XGB),2025-12-31,2514.4,1102,128.17
FEAT+ABR(3),2026-01-02,2902.3,2490,16.56
Pipeline em Produção,2026-01-02,2994.4,2490,196.98
SE(ETR)+MMS+BIN+SE(ELAS)+ABR,2026-01-02,2898.9,2490,16.42
Voting(ETR+RFR+XGB),2026-01-02,2957.1,2490,18.76
FEAT+ABR(3),2026-01-05,3002.0,2970,1.08
Pipeline em Produção,2026-01-05,2910.9,2970,9.08
SE(ETR)+MMS+BIN+SE(ELAS)+ABR,2026-01-05,2876.3,2970,3.15
Voting(ETR+RFR+XGB),2026-01-05,2971.9,2970,0.06
FEAT+ABR(3),2026-01-06,2781.1,2882,3.5
Pipeline em Produção,2026-01-06,2551.0,2882,1.35
SE(ETR)+MMS+BIN+SE(ELAS)+ABR,2026-01-06,2890.8,2882,0.3
Voting(ETR+RFR+XGB),2026-01-06,2922.9,2882,1.42
FEAT+ABR(3),2026-01-07,2945.3,3123,5.69
Pipeline em Produção,2026-01-07,2946.1,3123,2.08
SE(ETR)+MMS+BIN+SE(ELAS)+ABR,2026-01-07,2820.0,3123,9.7
Voting(ETR+RFR+XGB),2026-01-07,2797.5,3123,10.42
FEAT+ABR(3),2026-01-08,2971.0,3213,7.53
Pipeline em Produção,2026-01-08,3073.7,3213,2.27
SE(ETR)+MMS+BIN+SE(ELAS)+ABR,2026-01-08,2887.5,3213,10.13
Voting(ETR+RFR+XGB),2026-01-08,2972.5,3213,7.49
FEAT+ABR(3),2026-01-09,3079.9,3191,3.48
Pipeline em Produção,2026-01-09,3080.2,3191,4.99
SE(ETR)+MMS+BIN+SE(ELAS)+ABR,2026-01-09,2943.1,3191,7.77
Voting(ETR+RFR+XGB),2026-01-09,3193.5,3191,0.08
FEAT+ABR(3),2026-01-12,3061.4,3137,2.41
Pipeline em Produção,2026-01-12,3116.8,3137,1.58
SE(ETR)+MMS+BIN+SE(ELAS)+ABR,2026-01-12,2919.9,3137,6.92
Voting(ETR+RFR+XGB),2026-01-12,3017.6,3137,3.81
FEAT+ABR(3),2026-01-13,2959.8,3037,2.54
Pipeline em Produção,2026-01-13,3069.3,3037,2.87
SE(ETR)+MMS+BIN+SE(ELAS)+ABR,2026-01-13,3035.0,3037,0.06
Voting(ETR+RFR+XGB),2026-01-13,2957.6,3037,2.61
FEAT+ABR(3),2026-01-14,2921.9,3187,8.32
Pipeline em Produção,2026-01-14,2948.6,3187,3.22
SE(ETR)+MMS+BIN+SE(ELAS)+ABR,2026-01-14,2951.0,3187,7.41
Voting(ETR+RFR+XGB),2026-01-14,2831.9,3187,11.14
FEAT+ABR(3),2026-01-15,3052.2,3226,5.39
Pipeline em Produção,2026-01-15,3082.8,3226,3.9
SE(ETR)+MMS+BIN+SE(ELAS)+ABR,2026-01-15,2996.1,3226,7.13
Voting(ETR+RFR+XGB),2026-01-15,3050.6,3226,5.44
FEAT+ABR(3),2026-01-16,2966.9,3112,4.66
Pipeline em Produção,2026-01-16,3178.5,3112,2.08
SE(ETR)+MMS+BIN+SE(ELAS)+ABR,2026-01-16,3008.4,3112,3.33
Voting(ETR+RFR+XGB),2026-01-16,3027.3,3112,2.72
FEAT+ABR(3),2026-01-19,2933.8,2946,0.41
Pipeline em Produção,2026-01-19,3082.8,2946,24.94
SE(ETR)+MMS+BIN+SE(ELAS)+ABR,2026-01-19,2920.7,2946,0.86
Voting(ETR+RFR+XGB),2026-01-19,2909.6,2946,1.24
FEAT+ABR(3),2026-01-20,3099.1,3014,2.82
Pipeline em Produção,2026-01-20,3112.9,3014,3.1
SE(ETR)+MMS+BIN+SE(ELAS)+ABR,2026-01-20,2900.6,3014,3.76
Voting(ETR+RFR+XGB),2026-01-20,3124.3,3014,3.66
FEAT+ABR(3),2026-01-21,2888.0,2984,3.22
Pipeline em Produção,2026-01-21,3118.8,2984,2.96
SE(ETR)+MMS+BIN+SE(ELAS)+ABR,2026-01-21,2941.2,2984,1.43
Voting(ETR+RFR+XGB),2026-01-21,3037.8,2984,1.8
FEAT+ABR(3),2026-01-22,2800.4,3045,8.03
Pipeline em Produção,2026-01-22,3112.4,3045,3.57
SE(ETR)+MMS+BIN+SE(ELAS)+ABR,2026-01-22,2940.3,3045,3.44
Voting(ETR+RFR+XGB),2026-01-22,2787.9,3045,8.44
FEAT+ABR(3),2026-01-23,3023.7,3074,1.63
Pipeline em Produção,2026-01-23,3132.3,3074,1.72
SE(ETR)+MMS+BIN+SE(ELAS)+ABR,2026-01-23,2960.8,3074,3.68
Voting(ETR+RFR+XGB),2026-01-23,3145.8,3074,2.33
FEAT+ABR(3),2026-01-26,2999.8,3006,0.21
Pipeline em Produção,2026-01-26,3120.3,3006,12.15
SE(ETR)+MMS+BIN+SE(ELAS)+ABR,2026-01-26,2955.8,3006,1.67
Voting(ETR+RFR+XGB),2026-01-26,2960.5,3006,1.51
FEAT+ABR(3),2026-01-27,2963.2,2995,1.06
Pipeline em Produção,2026-01-27,3156.3,2995,4.2
SE(ETR)+MMS+BIN+SE(ELAS)+ABR,2026-01-27,2975.6,2995,0.65
Voting(ETR+RFR+XGB),2026-01-27,2929.8,2995,2.18
FEAT+ABR(3),2026-01-28,2734.4,2850,4.06
Pipeline em Produção,2026-01-28,3105.7,2850,3.01
SE(ETR)+MMS+BIN+SE(ELAS)+ABR,2026-01-28,3011.3,2850,5.66
Voting(ETR+RFR+XGB),2026-01-28,2987.8,2850,4.84
FEAT+ABR(3),2026-01-29,3087.2,2711,13.88
Pipeline em Produção,2026-01-29,3219.0,2711,4.84
SE(ETR)+MMS+BIN+SE(ELAS)+ABR,2026-01-29,3045.7,2711,12.35
Voting(ETR+RFR+XGB),2026-01-29,3136.9,2711,15.71
FEAT+ABR(3),2026-01-30,3090.2,2793,10.64
Pipeline em Produção,2026-01-30,3143.8,2793,18.23
SE(ETR)+MMS+BIN+SE(ELAS)+ABR,2026-01-30,3046.4,2793,9.07
Voting(ETR+RFR+XGB),2026-01-30,3193.2,2793,14.33
FEAT+ABR(3),2026-02-02,3038.5,2614,16.24
Pipeline em Produção,2026-02-02,3009.0,2614,15.05
SE(ETR)+MMS+BIN+SE(ELAS)+ABR,2026-02-02,3030.2,2614,15.92
Voting(ETR+RFR+XGB),2026-02-02,3079.2,2614,17.8
FEAT+ABR(3),2026-02-03,3081.9,2660,15.86
Pipeline em Produção,2026-02-03,2943.8,2660,15.76
SE(ETR)+MMS+BIN+SE(ELAS)+ABR,2026-02-03,3047.0,2660,14.55
Voting(ETR+RFR+XGB),2026-02-03,3070.3,2660,15.42
FEAT+ABR(3),2026-02-04,2962.4,2604,13.76
Pipeline em Produção,2026-02-04,2725.8,2604,4.49
SE(ETR)+MMS+BIN+SE(ELAS)+ABR,2026-02-04,2996.5,2604,15.07
Voting(ETR+RFR+XGB),2026-02-04,2843.0,2604,9.18
FEAT+ABR(3),2026-02-05,2935.7,2449,19.87
Pipeline em Produção,2026-02-05,2718.6,2449,3.68
SE(ETR)+MMS+BIN+SE(ELAS)+ABR,2026-02-05,2999.6,2449,22.48
Voting(ETR+RFR+XGB),2026-02-05,2757.0,2449,12.58
FEAT+ABR(3),2026-02-06,2952.7,3331,11.36
Pipeline em Produção,2026-02-06,2729.3,3331,6.99
SE(ETR)+MMS+BIN+SE(ELAS)+ABR,2026-02-06,2959.7,3331,11.15
Voting(ETR+RFR+XGB),2026-02-06,2720.9,3331,18.32
FEAT+ABR(3),2026-02-09,2933.8,3192,8.09
Pipeline em Produção,2026-02-09,2920.7,3192,4.94
SE(ETR)+MMS+BIN+SE(ELAS)+ABR,2026-02-09,2974.5,3192,6.82
Voting(ETR+RFR+XGB),2026-02-09,2744.1,3192,14.03
FEAT+ABR(3),2026-02-10,3122.6,3387,7.81
Pipeline em Produção,2026-02-10,2901.3,3387,17.62
SE(ETR)+MMS+BIN+SE(ELAS)+ABR,2026-02-10,2967.0,3387,12.4
Voting(ETR+RFR+XGB),2026-02-10,3297.2,3387,2.65
FEAT+ABR(3),2026-02-11,2868.5,3101,7.5
Pipeline em Produção,2026-02-11,2912.7,3101,12.53
SE(ETR)+MMS+BIN+SE(ELAS)+ABR,2026-02-11,3044.6,3101,1.82
Voting(ETR+RFR+XGB),2026-02-11,2088.5,3101,32.65
FEAT+ABR(3),2026-02-12,2909.8,3432,15.21
Pipeline em Produção,2026-02-12,3174.7,3432,1.55
SE(ETR)+MMS+BIN+SE(ELAS)+ABR,2026-02-12,2991.0,3432,12.85
Voting(ETR+RFR+XGB),2026-02-12,3062.1,3432,10.78
FEAT+ABR(3),2026-02-13,3175.9,3300,3.76
Pipeline em Produção,2026-02-13,3138.6,3300,8.27
SE(ETR)+MMS+BIN+SE(ELAS)+ABR,2026-02-13,1935.0,3300,41.36
Voting(ETR+RFR+XGB),2026-02-13,3178.3,3300,3.69
FEAT+ABR(3),2026-02-18,2824.1,3079,8.28
Pipeline em Produção,2026-02-18,2966.2,3079,26838.84
SE(ETR)+MMS+BIN+SE(ELAS)+ABR,2026-02-18,3005.8,3079,2.38
Voting(ETR+RFR+XGB),2026-02-18,2869.8,3079,6.8
FEAT+ABR(3),2026-02-19,2784.7,3199,12.95
Pipeline em Produção,2026-02-19,3127.3,3199,3.02
SE(ETR)+MMS+BIN+SE(ELAS)+ABR,2026-02-19,3003.7,3199,6.11
Voting(ETR+RFR+XGB),2026-02-19,2978.5,3199,6.89
FEAT+ABR(3),2026-02-20,3098.1,3186,2.76
Pipeline em Produção,2026-02-20,3011.1,3186,10.66
SE(ETR)+MMS+BIN+SE(ELAS)+ABR,2026-02-20,3200.7,3186,0.46
Voting(ETR+RFR+XGB),2026-02-20,3177.0,3186,0.28
FEAT+ABR(3),2026-02-23,3061.5,3144,2.62
Pipeline em Produção,2026-02-23,3070.0,3144,38.64
SE(ETR)+MMS+BIN+SE(ELAS)+ABR,2026-02-23,2856.1,3144,9.16
Voting(ETR+RFR+XGB),2026-02-23,2958.3,3144,5.91
FEAT+ABR(3),2026-02-24,3178.8,3271,2.82
Pipeline em Produção,2026-02-24,3130.5,3271,4.6
SE(ETR)+MMS+BIN+SE(ELAS)+ABR,2026-02-24,3139.3,3271,4.03
Voting(ETR+RFR+XGB),2026-02-24,3057.9,3271,6.52
FEAT+ABR(3),2026-02-25,3127.3,2836,10.27
Pipeline em Produção,2026-02-25,3092.7,2836,7.48
SE(ETR)+MMS+BIN+SE(ELAS)+ABR,2026-02-25,3178.1,2836,12.06
Voting(ETR+RFR+XGB),2026-02-25,3092.6,2836,9.05
FEAT+ABR(3),2026-02-26,2978.1,2916,2.13
Pipeline em Produção,2026-02-26,3058.0,2916,6.75
SE(ETR)+MMS+BIN+SE(ELAS)+ABR,2026-02-26,2920.1,2916,0.14
Voting(ETR+RFR+XGB),2026-02-26,2834.3,2916,2.8
FEAT+ABR(3),2026-02-27,3036.1,2992,1.47
Pipeline em Produção,2026-02-27,3075.7,2992,2.92
SE(ETR)+MMS+BIN+SE(ELAS)+ABR,2026-02-27,2951.1,2992,1.37
Voting(ETR+RFR+XGB),2026-02-27,3026.0,2992,1.14
FEAT+ABR(3),2026-03-02,3025.8,2844,6.39
Pipeline em Produção,2026-03-02,2996.3,2844,8.42
SE(ETR)+MMS+BIN+SE(ELAS)+ABR,2026-03-02,2991.6,2844,5.19
Voting(ETR+RFR+XGB),2026-03-02,2934.2,2844,3.17
FEAT+ABR(3),2026-03-03,3015.7,2487,21.26
Pipeline em Produção,2026-03-03,2970.3,2487,3.39
SE(ETR)+MMS+BIN+SE(ELAS)+ABR,2026-03-03,2854.2,2487,14.77
Voting(ETR+RFR+XGB),2026-03-03,2918.1,2487,17.33
FEAT+ABR(3),2026-03-04,2951.5,2681,10.09
Pipeline em Produção,2026-03-04,2678.8,2681,15.86
SE(ETR)+MMS+BIN+SE(ELAS)+ABR,2026-03-04,3101.2,2681,15.68
Voting(ETR+RFR+XGB),2026-03-04,2811.3,2681,4.86
FEAT+ABR(3),2026-03-05,2802.3,2608,7.45
Pipeline em Produção,2026-03-05,2807.3,2608,4.86
SE(ETR)+MMS+BIN+SE(ELAS)+ABR,2026-03-05,2981.2,2608,14.31
Voting(ETR+RFR+XGB),2026-03-05,2750.9,2608,5.48
FEAT+ABR(3),2026-03-06,2737.3,2715,0.82
Pipeline em Produção,2026-03-06,2625.2,2715,2.99
SE(ETR)+MMS+BIN+SE(ELAS)+ABR,2026-03-06,2707.6,2715,0.27
Voting(ETR+RFR+XGB),2026-03-06,2720.4,2715,0.2
FEAT+ABR(3),2026-03-09,2777.8,2332,19.12
Pipeline em Produção,2026-03-09,2658.7,2332,26.71
SE(ETR)+MMS+BIN+SE(ELAS)+ABR,2026-03-09,2819.7,2332,20.91
Voting(ETR+RFR+XGB),2026-03-09,2829.6,2332,21.34
FEAT+ABR(3),2026-03-10,2814.5,2823,0.3
Pipeline em Produção,2026-03-10,2720.4,2823,23.51
SE(ETR)+MMS+BIN+SE(ELAS)+ABR,2026-03-10,2721.5,2823,3.6
Voting(ETR+RFR+XGB),2026-03-10,3056.0,2823,8.26
FEAT+ABR(3),2026-03-11,2815.0,2990,5.85
Pipeline em Produção,2026-03-11,2669.2,2990,4.09
SE(ETR)+MMS+BIN+SE(ELAS)+ABR,2026-03-11,2765.0,2990,7.53
Voting(ETR+RFR+XGB),2026-03-11,2745.7,2990,8.17
FEAT+ABR(3),2026-03-12,3012.6,2975,1.27
Pipeline em Produção,2026-03-12,3268.2,2975,1.19
SE(ETR)+MMS+BIN+SE(ELAS)+ABR,2026-03-12,3237.3,2975,8.82
Voting(ETR+RFR+XGB),2026-03-12,3115.6,2975,4.73
FEAT+ABR(3),2026-03-13,2959.5,2985,0.85
Pipeline em Produção,2026-03-13,2720.4,2985,4.24
SE(ETR)+MMS+BIN+SE(ELAS)+ABR,2026-03-13,3066.8,2985,2.74
Voting(ETR+RFR+XGB),2026-03-13,2902.2,2985,2.78
FEAT+ABR(3),2026-03-16,2958.5,2905,1.84
Pipeline em Produção,2026-03-16,2851.2,2905,11.43
SE(ETR)+MMS+BIN+SE(ELAS)+ABR,2026-03-16,2960.3,2905,1.9
Voting(ETR+RFR+XGB),2026-03-16,2936.6,2905,1.09
FEAT+ABR(3),2026-03-17,2886.6,3098,6.83
Pipeline em Produção,2026-03-17,2848.2,3098,4.92
SE(ETR)+MMS+BIN+SE(ELAS)+ABR,2026-03-17,3011.3,3098,2.8
Voting(ETR+RFR+XGB),2026-03-17,2818.4,3098,9.02
FEAT+ABR(3),2026-03-18,2994.4,2753,8.77
Pipeline em Produção,2026-03-18,3203.3,2753,7.31
SE(ETR)+MMS+BIN+SE(ELAS)+ABR,2026-03-18,3038.1,2753,10.36
Voting(ETR+RFR+XGB),2026-03-18,2991.9,2753,8.68
FEAT+ABR(3),2026-03-19,2817.7,3261,13.59
Pipeline em Produção,2026-03-19,2748.2,3261,10.76
SE(ETR)+MMS+BIN+SE(ELAS)+ABR,2026-03-19,2899.8,3261,11.08
Voting(ETR+RFR+XGB),2026-03-19,2746.1,3261,15.79
FEAT+ABR(3),2026-03-20,2968.9,2930,1.33
Pipeline em Produção,2026-03-20,3203.3,2930,12.14
SE(ETR)+MMS+BIN+SE(ELAS)+ABR,2026-03-20,3283.4,2930,12.06
Voting(ETR+RFR+XGB),2026-03-20,3065.0,2930,4.61
FEAT+ABR(3),2026-03-23,2747.9,2958,7.1
Pipeline em Produção,2026-03-23,2836.1,2958,43.43
SE(ETR)+MMS+BIN+SE(ELAS)+ABR,2026-03-23,2980.9,2958,0.77
Voting(ETR+RFR+XGB),2026-03-23,2888.5,2958,2.35
FEAT+ABR(3),2026-03-24,2887.5,3246,11.04
Pipeline em Produção,2026-03-24,2875.9,3246,0.12
SE(ETR)+MMS+BIN+SE(ELAS)+ABR,2026-03-24,2840.7,3246,12.49
Voting(ETR+RFR+XGB),2026-03-24,2837.9,3246,12.57
FEAT+ABR(3),2026-03-25,2993.1,3143,4.77
Pipeline em Produção,2026-03-25,3119.2,3143,17.87
SE(ETR)+MMS+BIN+SE(ELAS)+ABR,2026-03-25,3013.5,3143,4.12
Voting(ETR+RFR+XGB),2026-03-25,2947.4,3143,6.22
FEAT+ABR(3),2026-03-26,3158.9,3003,5.19
Pipeline em Produção,2026-03-26,3028.9,3003,4.51
SE(ETR)+MMS+BIN+SE(ELAS)+ABR,2026-03-26,3198.2,3003,6.5
Voting(ETR+RFR+XGB),2026-03-26,3080.9,3003,2.59
FEAT+ABR(3),2026-03-27,3139.2,3323,5.53
Pipeline em Produção,2026-03-27,3054.8,3323,1.05
SE(ETR)+MMS+BIN+SE(ELAS)+ABR,2026-03-27,3164.5,3323,4.77
Voting(ETR+RFR+XGB),2026-03-27,3124.2,3323,5.98
FEAT+ABR(3),2026-03-30,2840.8,3279,13.36
Pipeline em Produção,2026-03-30,2831.3,3279,16.67
SE(ETR)+MMS+BIN+SE(ELAS)+ABR,2026-03-30,2761.4,3279,15.79
Voting(ETR+RFR+XGB),2026-03-30,2799.9,3279,14.61
FEAT+ABR(3),2026-03-31,2979.3,2935,1.51
Pipeline em Produção,2026-03-31,3054.8,2935,23.9
SE(ETR)+MMS+BIN+SE(ELAS)+ABR,2026-03-31,2990.8,2935,1.9
Voting(ETR+RFR+XGB),2026-03-31,3111.3,2935,6.01
FEAT+ABR(3),2026-04-01,2998.6,2380,25.99
Pipeline em Produção,2026-04-01,2869.0,2380,1.56
SE(ETR)+MMS+BIN+SE(ELAS)+ABR,2026-04-01,3038.4,2380,27.66
Voting(ETR+RFR+XGB),2026-04-01,3016.8,2380,26.76
FEAT+ABR(3),2026-04-02,2968.5,3049,2.64
Pipeline em Produção,2026-04-02,2964.7,3049,3.41
SE(ETR)+MMS+BIN+SE(ELAS)+ABR,2026-04-02,3010.0,3049,1.28
Voting(ETR+RFR+XGB),2026-04-02,2935.6,3049,3.72
FEAT+ABR(3),2026-04-06,2906.2,2552,13.88
Pipeline em Produção,2026-04-06,2621.1,2552,24.87
SE(ETR)+MMS+BIN+SE(ELAS)+ABR,2026-04-06,2872.3,2552,12.55
Voting(ETR+RFR+XGB),2026-04-06,2819.5,2552,10.48
FEAT+ABR(3),2026-04-07,2890.5,2899,0.29
Pipeline em Produção,2026-04-07,2985.1,2899,7.23
SE(ETR)+MMS+BIN+SE(ELAS)+ABR,2026-04-07,2754.3,2899,4.99
Voting(ETR+RFR+XGB),2026-04-07,2779.1,2899,4.14
FEAT+ABR(3),2026-04-08,2835.9,3464,18.13
Pipeline em Produção,2026-04-08,2486.3,3464,2.78
SE(ETR)+MMS+BIN+SE(ELAS)+ABR,2026-04-08,2937.0,3464,15.21
Voting(ETR+RFR+XGB),2026-04-08,2769.0,3464,20.06
FEAT+ABR(3),2026-04-09,3049.0,3035,0.46
Pipeline em Produção,2026-04-09,2838.2,3035,24.21
SE(ETR)+MMS+BIN+SE(ELAS)+ABR,2026-04-09,2919.9,3035,3.79
Voting(ETR+RFR+XGB),2026-04-09,2787.9,3035,8.14
FEAT+ABR(3),2026-04-10,3086.8,2967,4.04
Pipeline em Produção,2026-04-10,2906.9,2967,4.65
SE(ETR)+MMS+BIN+SE(ELAS)+ABR,2026-04-10,3103.8,2967,4.61
Voting(ETR+RFR+XGB),2026-04-10,2798.0,2967,5.7
FEAT+ABR(3),2026-04-13,2990.0,3317,9.86
Pipeline em Produção,2026-04-13,2909.0,3317,24.64
SE(ETR)+MMS+BIN+SE(ELAS)+ABR,2026-04-13,2926.8,3317,11.76
Voting(ETR+RFR+XGB),2026-04-13,3018.3,3317,9.0
FEAT+ABR(3),2026-04-14,3095.0,3239,4.45
Pipeline em Produção,2026-04-14,2955.7,3239,10.28
SE(ETR)+MMS+BIN+SE(ELAS)+ABR,2026-04-14,3073.5,3239,5.11
Voting(ETR+RFR+XGB),2026-04-14,2939.4,3239,9.25
FEAT+ABR(3),2026-04-15,2951.1,3243,9.0
Pipeline em Produção,2026-04-15,2979.6,3243,8.41
SE(ETR)+MMS+BIN+SE(ELAS)+ABR,2026-04-15,3025.6,3243,6.71
Voting(ETR+RFR+XGB),2026-04-15,2858.4,3243,11.86
FEAT+ABR(3),2026-04-16,3040.6,3150,3.47
Pipeline em Produção,2026-04-16,3151.0,3150,4.12
SE(ETR)+MMS+BIN+SE(ELAS)+ABR,2026-04-16,3060.2,3150,2.85
Voting(ETR+RFR+XGB),2026-04-16,3138.9,3150,0.35
FEAT+ABR(3),2026-04-17,3120.7,3527,11.52
Pipeline em Produção,2026-04-17,3219.7,3527,3.82
SE(ETR)+MMS+BIN+SE(ELAS)+ABR,2026-04-17,3074.9,3527,12.82
Voting(ETR+RFR+XGB),2026-04-17,3060.1,3527,13.24
FEAT+ABR(3),2026-04-20,3153.5,3462,8.91
Pipeline em Produção,2026-04-20,3127.6,3462,6.25
SE(ETR)+MMS+BIN+SE(ELAS)+ABR,2026-04-20,2986.0,3462,13.75
Voting(ETR+RFR+XGB),2026-04-20,3192.6,3462,7.78
FEAT+ABR(3),2026-04-22,3091.6,3097,0.17
Pipeline em Produção,2026-04-22,3239.0,3097,13.59
SE(ETR)+MMS+BIN+SE(ELAS)+ABR,2026-04-22,3111.6,3097,0.47
Voting(ETR+RFR+XGB),2026-04-22,3039.7,3097,1.85
